Date (Montly),Gross Income,Population,Load (hourly) Mwh,Immediate load Mwh,Import Gwh,Export Gwh,Gross Production GWH,Transmitted energy GWH,Net Electricity Consumption Kwh,T.C. Elektricity consumption (Gross Demand) Kwh,Lost Electricty Kwh,efficiency,Labels
1976-01-01 00:00:00,2490453.59,40446729.00,2676.80,2701.60,0.30,0.00,1321.10,1194.00,1322209577.08,1530309478.00,208099900.92,15.738798487572062,Average
1976-02-01 00:00:00,2490453.59,40446729.00,2700.50,2736.90,0.20,0.00,1139.80,1118.20,1234464261.49,1428754104.00,194289842.51,15.73879848700455,Average
1976-03-01 00:00:00,2490453.59,40446729.00,2725.60,2762.40,24.50,0.00,1262.20,1214.60,1331969144.44,1541605084.00,209635939.56,15.738798487568365,Average
1976-04-01 00:00:00,2490453.59,40446729.00,2664.70,2702.20,32.70,0.00,1219.70,1118.00,1234451852.51,1428739742.00,194287889.49,15.738798487357458,Average
1976-05-01 00:00:00,2490453.59,40446729.00,2599.20,2662.80,36.50,0.00,1226.70,1123.30,1235847585.85,1430355147.00,194507561.15,15.738798487535194,Average
1976-06-01 00:00:00,2490453.59,40446729.00,2608.90,2628.60,29.80,0.00,1225.10,1146.50,1256130792.78,1453830687.00,197699894.22,15.738798487891648,Average
1976-07-01 00:00:00,2490453.59,40446729.00,2664.40,2979.50,33.90,0.00,1280.00,1227.50,1323255378.50,1531519876.00,208264497.50,15.738798487717615,Average
1976-08-01 00:00:00,2490453.59,40446729.00,2335.10,2774.60,30.00,0.00,1291.80,1243.80,1332450750.44,1542162489.00,209711738.56,15.738798487730168,Average
1976-09-01 00:00:00,2490453.59,40446729.00,2835.30,2861.60,28.70,0.00,1346.90,1212.70,1333935587.87,1543881022.00,209945434.13,15.738798487656847,Average
1976-10-01 00:00:00,2490453.59,40446729.00,2966.00,3018.70,33.00,0.00,1351.40,1316.10,1442823962.08,1669907118.00,227083155.92,15.738798487421363,Average
1976-11-01 00:00:00,2490453.59,40446729.00,3085.00,3112.70,41.50,0.00,1458.00,1379.80,1508859365.07,1746335700.00,237476334.93,15.73879848762332,Average
1976-12-01 00:00:00,2490453.59,40446729.00,3084.90,3135.20,41.10,0.00,1500.10,1345.80,1522501741.88,1762125223.00,239623481.12,15.73879848729175,Average
1977-01-01 00:00:00,2575292.53,41316297.00,3101.80,3146.80,45.20,0.00,1530.20,1420.80,1549308270.66,1818595722.00,269287451.34,17.38114076066246,Average
1977-02-01 00:00:00,2575292.53,41316297.00,3187.20,3234.70,41.90,0.00,1424.70,1278.50,1401687772.28,1645317097.00,243629324.72,17.381140760307126,Average
1977-03-01 00:00:00,2575292.53,41316297.00,3176.00,3224.80,45.00,0.00,1526.50,1400.00,1519333551.75,1783411055.00,264077503.25,17.381140760422888,Average
1977-04-01 00:00:00,2575292.53,41316297.00,3210.00,3217.30,26.40,0.00,1394.80,1341.90,1553549536.31,1823574168.00,270024631.69,17.38114076049124,Average
1977-05-01 00:00:00,2575292.53,41316297.00,3115.50,3153.90,20.60,0.00,1394.20,1354.60,1473821524.30,1729988518.00,256166993.70,17.381140760694752,Average
1977-06-01 00:00:00,2575292.53,41316297.00,3073.00,3105.20,28.50,0.00,1424.50,1294.00,1437350220.03,1687178085.00,249827864.97,17.38114076086381,Average
1977-07-01 00:00:00,2575292.53,41316297.00,3068.00,3068.50,51.10,0.00,1495.60,1315.60,1474141500.74,1730364110.00,256222609.26,17.381140761004254,Average
1977-08-01 00:00:00,2575292.53,41316297.00,3054.00,2125.40,50.10,0.00,1510.70,1335.20,1497146058.23,1757367122.00,260221063.77,17.381140760417605,Average
1977-09-01 00:00:00,2575292.53,41316297.00,3189.00,3219.40,45.90,0.00,1513.80,1264.20,1411094429.03,1656358738.00,245264308.97,17.381140760267694,Average
1977-10-01 00:00:00,2575292.53,41316297.00,3220.00,3253.00,42.30,0.00,1635.00,1390.10,1546653286.24,1815479271.00,268825984.76,17.381140760611636,Average
1977-11-01 00:00:00,2575292.53,41316297.00,3239.00,3277.10,43.50,0.00,1706.70,1312.00,1457200962.54,1710479113.00,253278150.46,17.381140760332674,Average
1977-12-01 00:00:00,2575292.53,41316297.00,3249.10,3290.40,51.70,0.00,1726.10,1505.70,1647512887.90,1933869422.00,286356534.10,17.381140760908036,Average
1978-01-01 00:00:00,2613999.21,42206204.00,3220.70,3243.30,24.90,0.00,1774.10,1459.10,1620384412.30,1912500000.00,292115587.70,18.02754861640309,Average
1978-02-01 00:00:00,2613999.21,42206204.00,3278.80,3324.80,43.60,0.00,1607.80,1273.30,1456693814.41,1719300000.00,262606185.59,18.027548616753243,Average
1978-03-01 00:00:00,2613999.21,42206204.00,3336.40,3356.60,55.90,0.00,1741.30,1368.30,1600643258.41,1889200000.00,288556741.59,18.02754861671288,Average
1978-04-01 00:00:00,2613999.21,42206204.00,3318.30,3339.80,52.40,0.00,1699.80,1356.80,1503208378.72,1774200000.00,270991621.28,18.027548616430185,Average
1978-05-01 00:00:00,2613999.21,42206204.00,3247.10,3334.70,51.40,0.00,1711.30,1343.80,1508715567.57,1780700000.00,271984432.43,18.027548616607003,Average
1978-06-01 00:00:00,2613999.21,42206204.00,3263.70,3326.80,54.80,0.00,1662.60,1368.30,1532354116.64,1808600000.00,276245883.36,18.027548616877514,Average
1978-07-01 00:00:00,2613999.21,42206204.00,3209.20,3287.70,56.60,0.00,1671.40,1384.90,1580902104.52,1865900000.00,284997895.48,18.027548617030416,Average
1978-08-01 00:00:00,2613999.21,42206204.00,3267.30,3349.10,60.40,0.00,1712.00,1493.60,1633771117.51,1928300000.00,294528882.49,18.027548616411213,Average
1978-09-01 00:00:00,2613999.21,42206204.00,3350.00,3402.00,51.70,0.00,1643.30,1331.40,1480501815.45,1747400000.00,266898184.55,18.027548616607135,Average
1978-10-01 00:00:00,2613999.21,42206204.00,3471.60,3513.50,55.50,0.00,1779.20,1470.20,1637753238.68,1933000000.00,295246761.32,18.027548616418162,Average
1978-11-01 00:00:00,2613999.21,42206204.00,3540.00,3641.00,55.70,0.00,1674.50,1458.80,1623942903.55,1916700000.00,292757096.45,18.02754861701246,Average
1978-12-01 00:00:00,2613999.21,42206204.00,3561.40,3590.80,58.10,0.00,1887.30,1588.90,1754929272.25,2071300000.00,316370727.75,18.027548617066497,Average
1979-01-01 00:00:00,2597683.95,43132612.00,3508.80,3594.30,58.20,0.00,1887.40,1513.00,1668431095.93,2001001389.00,332570293.07,19.93311524109553,Average
1979-02-01 00:00:00,2597683.95,43132612.00,3596.00,3614.40,53.70,0.00,1675.70,1399.80,1525835216.84,1829981709.00,304146492.16,19.933115240968583,Average
1979-03-01 00:00:00,2597683.95,43132612.00,3619.10,3627.60,61.70,0.00,1833.90,1546.80,1693119923.48,2030611469.00,337491545.52,19.93311524125991,Average
1979-04-01 00:00:00,2597683.95,43132612.00,3559.10,3607.10,56.00,0.00,1721.30,1442.90,1563783980.95,1875494844.00,311710863.05,19.933115241443733,Average
1979-05-01 00:00:00,2597683.95,43132612.00,3380.80,3443.50,61.90,0.00,1729.40,1448.50,1577653748.25,1892129288.00,314475539.75,19.93311524146724,Average
1979-06-01 00:00:00,2597683.95,43132612.00,3406.90,3447.60,91.70,0.00,1753.90,1448.30,1592399056.89,1909813796.00,317414739.11,19.933115241220996,Average
1979-07-01 00:00:00,2597683.95,43132612.00,3428.70,3436.20,107.10,0.00,1809.50,1514.00,1649815032.34,1978674564.00,328859531.66,19.933115241019784,Average
1979-08-01 00:00:00,2597683.95,43132612.00,3441.00,3485.00,106.70,0.00,1867.60,1522.60,1681553378.27,2016739351.00,335185972.73,19.933115241030464,Average
1979-09-01 00:00:00,2597683.95,43132612.00,3501.80,3547.10,88.90,0.00,1695.60,1474.20,1627216544.88,1951571494.00,324354949.12,19.93311524151936,Average
1979-10-01 00:00:00,2597683.95,43132612.00,3586.20,3596.00,127.80,0.00,1877.50,1573.20,1722258270.24,2065557996.00,343299725.76,19.93311524131398,Average
1979-11-01 00:00:00,2597683.95,43132612.00,3592.00,3622.90,113.70,0.00,1861.00,1485.50,1622056342.06,1945382702.00,323326359.94,19.933115241199197,Average
1979-12-01 00:00:00,2597683.95,43132612.00,3642.00,3667.20,116.90,0.00,2013.30,1586.80,1738977409.87,2085609781.00,346632371.13,19.93311524132525,Average
1980-01-01 00:00:00,2534110.68,44105216.00,3542.90,3586.20,105.50,0.00,1964.40,1501.40,1646878103.90,1987453388.00,340575284.10,20.680054176048483,Low
1980-02-01 00:00:00,2534110.68,44105216.00,3560.00,3578.60,98.40,0.00,1805.70,1438.60,1586173685.51,1914195263.00,328021577.49,20.68005417606785,Low
1980-03-01 00:00:00,2534110.68,44105216.00,3643.20,3692.30,80.60,0.00,1993.10,1541.70,1710211075.96,2063883653.00,353672577.04,20.680054176439683,Low
1980-04-01 00:00:00,2534110.68,44105216.00,3603.50,3662.70,69.80,0.00,1845.80,1457.30,1634663735.83,1972713082.00,338049346.17,20.68005417630162,Low
1980-05-01 00:00:00,2534110.68,44105216.00,3562.50,3678.60,67.20,0.00,1843.50,1432.90,1616230915.96,1950468345.00,334237429.04,20.680054176631778,Low
1980-06-01 00:00:00,2534110.68,44105216.00,3453.80,3548.60,91.80,0.00,1809.00,1447.40,1642374665.41,1982018636.00,339643970.59,20.680054176627944,Low
1980-07-01 00:00:00,2534110.68,44105216.00,3646.00,3682.90,124.50,0.00,1836.90,1601.50,1768317896.91,2134006996.00,365689099.09,20.68005417628887,Low
1980-08-01 00:00:00,2534110.68,44105216.00,3608.60,3671.00,133.00,0.00,1878.20,1545.40,1681291766.77,2028983815.00,347692048.23,20.6800541763174,Low
1980-09-01 00:00:00,2534110.68,44105216.00,3749.40,3793.30,141.50,0.00,1857.40,1592.30,1706215501.85,2059061792.00,352846290.15,20.680054176475306,Low
1980-10-01 00:00:00,2534110.68,44105216.00,3783.50,3804.20,144.80,0.00,1905.20,1603.70,1727147837.50,2084322946.00,357175108.50,20.680054176311934,Low
1980-11-01 00:00:00,2534110.68,44105216.00,3892.50,3947.40,143.50,0.00,1830.00,1699.40,1817274702.08,2193088095.00,375813392.92,20.680054176171325,Low
1980-12-01 00:00:00,2534110.68,44105216.00,3813.70,3893.90,140.60,0.00,1952.70,1762.80,1861420112.32,2246362800.00,384942687.68,20.680054176497684,Low
1981-01-01 00:00:00,2657182.55,45130008.00,3626.90,3634.30,82.60,0.00,1882.00,1649.20,1787932523.90,2133583568.00,345651044.10,19.332443449601485,Average
1981-02-01 00:00:00,2657182.55,45130008.00,3692.80,3731.80,86.90,0.00,1815.80,1507.50,1668463415.68,1991018162.00,322554746.32,19.33244344998355,Average
1981-03-01 00:00:00,2657182.55,45130008.00,3802.70,3838.90,104.40,0.00,1983.30,1659.10,1842919302.10,2199200634.00,356281331.90,19.332443449586677,Average
1981-04-01 00:00:00,2657182.55,45130008.00,3818.90,3847.10,107.10,0.00,1902.90,1616.00,1787602597.69,2133189859.00,345587261.31,19.332443450047535,Average
1981-05-01 00:00:00,2657182.55,45130008.00,3798.50,3851.30,119.90,0.00,1883.30,1655.30,1838479558.93,2193902580.00,355423021.07,19.33244345000263,Average
1981-06-01 00:00:00,2657182.55,45130008.00,3840.80,3860.80,112.20,0.00,1890.20,1630.60,1829464890.59,2183145156.00,353680265.41,19.332443449949928,Average
1981-07-01 00:00:00,2657182.55,45130008.00,3856.30,3862.70,151.90,0.00,2009.50,1747.50,1933686581.19,2307515446.00,373828864.81,19.33244345006231,Average
1981-08-01 00:00:00,2657182.55,45130008.00,3695.00,3750.50,160.90,0.00,1896.00,1694.90,1842349007.90,2198520088.00,356171080.10,19.332443449788123,Average
1981-09-01 00:00:00,2657182.55,45130008.00,3731.70,3780.10,178.90,0.00,1917.50,1672.50,1810384295.79,2160375816.00,349991520.21,19.33244344992916,Average
1981-10-01 00:00:00,2657182.55,45130008.00,3701.50,3738.50,176.00,0.00,1939.50,1682.10,1833093350.61,2187475086.00,354381735.39,19.3324434498697,Average
1981-11-01 00:00:00,2657182.55,45130008.00,3785.20,3838.90,171.40,0.00,2049.60,1731.50,1869599393.51,2231038639.00,361439245.49,19.332443449900317,Average
1981-12-01 00:00:00,2657182.55,45130008.00,4025.10,4085.80,163.90,0.00,2105.80,1834.10,1986025082.10,2369972258.00,383947175.90,19.332443450010143,Average
1982-01-01 00:00:00,2751867.42,46198027.00,4040.00,4080.20,147.60,0.00,2051.10,1842.80,1973669126.34,2370134760.00,396465633.66,20.087745629137522,Low
1982-02-01 00:00:00,2751867.42,46198027.00,4058.80,4097.20,147.50,0.00,1904.10,1725.80,1828867348.20,2196245569.00,367378220.80,20.087745629095487,Low
1982-03-01 00:00:00,2751867.42,46198027.00,4118.00,4132.20,145.20,0.00,2094.80,1883.40,1989051690.07,2388607334.00,399555643.93,20.087745628970488,Low
1982-04-01 00:00:00,2751867.42,46198027.00,4162.10,4195.70,141.20,0.00,2026.10,1774.00,1874534968.75,2251086785.00,376551816.25,20.0877456290451,Low
1982-05-01 00:00:00,2751867.42,46198027.00,4125.00,4209.80,90.60,0.00,2074.00,1787.10,1897545031.81,2278719051.00,381174019.19,20.08774562922556,Low
1982-06-01 00:00:00,2751867.42,46198027.00,4222.60,4307.00,123.40,0.00,2070.90,1793.00,1887510585.80,2266668911.00,379158325.20,20.087745629214474,Low
1982-07-01 00:00:00,2751867.42,46198027.00,4183.40,4263.60,153.40,0.00,2155.60,1844.90,1931560192.80,2319567091.00,388006898.20,20.087745628964488,Low
1982-08-01 00:00:00,2751867.42,46198027.00,4234.00,4346.50,179.10,0.00,2037.60,1944.40,2013765237.52,2418285276.00,404520038.48,20.087745629087138,Low
1982-09-01 00:00:00,2751867.42,46198027.00,4475.00,4510.30,161.30,0.00,1981.50,1864.50,1931904560.99,2319980635.00,388076074.01,20.087745629169763,Low
1982-10-01 00:00:00,2751867.42,46198027.00,4349.70,4411.70,166.40,0.00,2011.40,1998.60,2002081622.41,2404254686.00,402173063.59,20.08774562876639,Low
1982-11-01 00:00:00,2751867.42,46198027.00,4434.00,4476.70,152.40,0.00,2059.60,2006.90,2079708918.61,2497475556.00,417766637.39,20.0877456288075,Low
1982-12-01 00:00:00,2751867.42,46198027.00,4436.00,4512.60,165.30,0.00,2206.10,2110.40,2176600716.68,2613830732.00,437230015.32,20.08774562873953,Low
1983-01-01 00:00:00,2888662.90,47285732.00,4372.70,4434.30,149.20,0.00,2222.60,2048.70,2119136273.72,2561108488.00,441972214.28,20.85624316666279,Low
1983-02-01 00:00:00,2888662.90,47285732.00,4328.50,4422.50,145.50,0.00,2048.70,1810.30,1884500530.81,2277536544.00,393036013.19,20.856243167045672,Low
1983-03-01 00:00:00,2888662.90,47285732.00,4459.90,4501.00,162.50,0.00,2243.40,1991.50,2060575412.36,2490334031.00,429758618.64,20.856243166941056,Low
1983-04-01 00:00:00,2888662.90,47285732.00,4483.10,4544.90,157.10,0.00,2109.90,1869.70,1960225344.53,2369054709.00,408829364.47,20.856243166676553,Low
1983-05-01 00:00:00,2888662.90,47285732.00,4472.00,4564.00,170.40,0.00,2188.10,1940.60,2039163715.03,2464456658.00,425292942.97,20.85624316651511,Low
1983-06-01 00:00:00,2888662.90,47285732.00,4441.80,4542.10,189.30,0.00,2143.30,1891.30,2009540148.99,2428654729.00,419114580.01,20.856243166908015,Low
1983-07-01 00:00:00,2888662.90,47285732.00,4342.90,4423.20,197.40,0.00,2166.20,1816.80,1913716205.63,2312845511.00,399129305.37,20.856243166870485,Low
1983-08-01 00:00:00,2888662.90,47285732.00,4412.00,4511.30,227.60,0.00,2239.20,1947.70,2055361522.84,2484032720.00,428671197.16,20.856243166782782,Low
1983-09-01 00:00:00,2888662.90,47285732.00,4586.40,4730.70,214.20,0.00,2158.70,1846.10,1949463389.95,2356048215.00,406584825.05,20.856243166506868,Low
1983-10-01 00:00:00,2888662.90,47285732.00,4518.00,4528.70,196.10,0.00,2237.80,1959.10,2078198430.79,2511632549.00,433434118.21,20.856243166598663,Low
1983-11-01 00:00:00,2888662.90,47285732.00,4607.60,4607.60,214.70,0.00,2345.10,1976.80,2118235368.67,2560019688.00,441784319.33,20.856243166565008,Low
1983-12-01 00:00:00,2888662.90,47285732.00,4559.40,4601.00,196.80,0.00,2448.50,2055.50,2276983656.69,2751876905.00,474893248.31,20.85624316690712,Low
1984-01-01 00:00:00,3082548.69,48360679.00,4586.00,4615.30,178.80,0.00,2411.90,2078.60,2292976905.05,2760220318.00,467243412.95,20.37715303285235,Low
1984-02-01 00:00:00,3082548.69,48360679.00,4774.60,4831.20,148.00,0.00,2132.00,1974.50,2123509920.77,2556220787.00,432710866.23,20.37715303317707,Low
1984-03-01 00:00:00,3082548.69,48360679.00,4778.00,4818.10,177.50,0.00,2327.40,2114.30,2256930042.41,2716828131.00,459898088.59,20.377153033016064,Low
1984-04-01 00:00:00,3082548.69,48360679.00,4830.10,4871.60,184.20,0.00,2211.90,2010.80,2100135171.25,2528082929.00,427947757.75,20.37715303321574,Low
1984-05-01 00:00:00,3082548.69,48360679.00,4922.70,4999.90,144.00,0.00,2294.10,2110.80,2197020945.72,2644711266.00,447690320.28,20.377153033162575,Low
1984-06-01 00:00:00,3082548.69,48360679.00,4885.80,4953.70,267.60,0.00,2239.30,2123.70,2188328897.66,2634248026.00,445919128.34,20.37715303292962,Low
1984-07-01 00:00:00,3082548.69,48360679.00,4936.70,5028.70,270.60,0.00,2115.50,2216.40,2250598538.62,2709206447.00,458607908.38,20.377153033308407,Low
1984-08-01 00:00:00,3082548.69,48360679.00,5140.70,5161.20,299.00,0.00,2256.50,2353.20,2371630138.33,2854900841.00,483270702.67,20.377153033242294,Low
1984-09-01 00:00:00,3082548.69,48360679.00,5287.20,5412.40,281.00,0.00,2141.90,2216.50,2285032180.69,2750656685.00,465624504.31,20.377153032890664,Low
1984-10-01 00:00:00,3082548.69,48360679.00,5288.00,5436.20,278.70,0.00,2315.50,2394.30,2507585671.32,3018560241.00,510974569.68,20.37715303306154,Low
1984-11-01 00:00:00,3082548.69,48360679.00,5312.10,5450.40,217.50,0.00,2345.30,2346.50,2466146191.53,2968676575.00,502530383.47,20.377153033179656,Low
1984-12-01 00:00:00,3082548.69,48360679.00,5380.30,5456.80,206.10,0.00,2555.50,2485.80,2595305396.65,3124154749.00,528849352.35,20.37715303303552,Low
1985-01-01 00:00:00,3213293.55,49399630.00,5203.70,5328.30,115.40,0.00,2898.70,2489.40,2462555530.19,3014000000.00,551444469.81,22.393179079598376,Low
1985-02-01 00:00:00,3213293.55,49399630.00,5121.80,5207.70,56.70,0.00,2608.90,2213.40,2177899144.42,2665600000.00,487700855.58,22.3931790794601,Low
1985-03-01 00:00:00,3213293.55,49399630.00,5258.30,5295.80,78.90,0.00,2887.10,2456.20,2423337658.44,2966000000.00,542662341.56,22.39317907968853,Low
1985-04-01 00:00:00,3213293.55,49399630.00,5286.20,5364.40,162.00,0.00,2655.30,2293.20,2301680552.13,2817100000.00,515419447.87,22.393179079217802,Low
1985-05-01 00:00:00,3213293.55,49399630.00,5318.20,5455.00,273.50,0.00,2730.60,2468.60,2454385140.25,3004000000.00,549614859.75,22.393179079222143,Low
1985-06-01 00:00:00,3213293.55,49399630.00,5272.70,5470.10,230.30,0.00,2600.30,2367.70,2312955690.25,2830900000.00,517944309.75,22.39317907962245,Low
1985-07-01 00:00:00,3213293.55,49399630.00,5446.90,5479.30,262.30,0.00,2848.40,2632.30,2541644904.89,3110800000.00,569155095.11,22.39317907922439,Low
1985-08-01 00:00:00,3213293.55,49399630.00,5533.90,5674.70,203.80,0.00,2861.40,2599.50,2504469630.62,3065300000.00,560830369.38,22.393179079642593,Low
1985-09-01 00:00:00,3213293.55,49399630.00,5658.70,5755.40,174.20,0.00,2943.60,2626.10,2547282473.95,3117700000.00,570417526.05,22.393179079408082,Low
1985-10-01 00:00:00,3213293.55,49399630.00,5552.70,5620.10,226.10,0.00,3002.70,2644.10,2637973802.37,3228700000.00,590726197.63,22.393179079310098,Low
1985-11-01 00:00:00,3213293.55,49399630.00,5664.80,5732.20,173.40,0.00,3031.00,2616.10,2618119754.79,3204400000.00,586280245.21,22.393179079656946,Low
1985-12-01 00:00:00,3213293.55,49399630.00,5689.10,5758.40,185.80,0.00,3150.90,2747.50,2726295717.70,3336800000.00,610504282.30,22.39317907945229,Low
1986-01-01 00:00:00,3438608.89,50393538.00,5655.10,5659.70,113.80,0.00,3150.80,2609.70,2604887788.80,3245960790.00,641073001.20,24.61038836130921,Low
1986-02-01 00:00:00,3438608.89,50393538.00,5674.10,5793.60,57.00,0.00,2880.10,2363.30,2352490542.36,2931447601.00,578957058.64,24.61038836139995,Low
1986-03-01 00:00:00,3438608.89,50393538.00,5713.60,5823.20,60.10,0.00,3190.20,2618.10,2603785434.48,3244587142.00,640801707.52,24.61038836128116,Low
1986-04-01 00:00:00,3438608.89,50393538.00,5769.60,5872.20,55.80,0.00,3090.70,2511.10,2521376533.95,3141897091.00,620520557.05,24.610388361070754,Low
1986-05-01 00:00:00,3438608.89,50393538.00,5756.70,5895.90,59.80,0.00,3279.10,2699.70,2675843859.29,3334379425.00,658535565.71,24.61038836117791,Low
1986-06-01 00:00:00,3438608.89,50393538.00,5784.60,5833.00,60.90,0.00,3083.60,2507.40,2519519623.76,3139583188.00,620063564.24,24.610388361041988,Low
1986-07-01 00:00:00,3438608.89,50393538.00,6019.50,6153.50,63.30,0.00,3461.30,2895.90,2824294317.90,3519364118.00,695069800.10,24.610388361253303,Low
1986-08-01 00:00:00,3438608.89,50393538.00,6159.70,6280.60,63.60,0.00,3365.30,2816.60,2745700164.32,3421427638.00,675727473.68,24.610388361445523,Low
1986-09-01 00:00:00,3438608.89,50393538.00,6241.30,6379.80,63.20,0.00,3475.40,2885.60,2797222631.15,3485629984.00,688407352.85,24.610388361078737,Low
1986-10-01 00:00:00,3438608.89,50393538.00,6208.10,6330.00,66.70,0.00,3545.80,2915.20,2834718797.09,3532354102.00,697635304.91,24.61038836113699,Low
1986-11-01 00:00:00,3438608.89,50393538.00,6224.00,6305.00,54.50,0.00,3507.90,2865.00,2795506303.13,3483491261.00,687984957.87,24.610388361481956,Low
1986-12-01 00:00:00,3438608.89,50393538.00,6391.00,6434.10,57.90,0.00,3664.60,3018.80,2934354003.78,3656509920.00,722155916.22,24.61038836110869,Low
1987-01-01 00:00:00,3764785.74,51349154.00,6265.20,7272.30,22.00,0.00,3581.40,2936.80,2946970747.09,3581280227.00,634309479.91,21.52411864068728,Low
1987-02-01 00:00:00,3764785.74,51349154.00,6283.30,6408.80,36.00,0.00,3260.00,2705.10,2708673789.87,3291691950.00,583018160.13,21.52411864102622,Low
1987-03-01 00:00:00,3764785.74,51349154.00,6354.00,6417.80,40.80,0.00,3545.50,2877.90,2946562511.25,3580784122.00,634221610.75,21.52411864090908,Low
1987-04-01 00:00:00,3764785.74,51349154.00,6431.80,6499.30,46.10,0.00,3430.30,2840.40,2856369157.68,3471177444.00,614808286.32,21.52411864086082,Low
1987-05-01 00:00:00,3764785.74,51349154.00,6396.80,6455.20,21.70,0.00,3545.40,2874.20,2932627265.98,3563849438.00,631222172.02,21.524118640732326,Low
1987-06-01 00:00:00,3764785.74,51349154.00,6599.00,6670.50,34.50,0.00,3622.40,2952.40,3004963031.08,3651754839.00,646791807.92,21.524118640738802,Low
1987-07-01 00:00:00,3764785.74,51349154.00,6720.00,6888.10,74.50,0.00,3873.20,3239.70,3244806965.15,3943223066.00,698416100.85,21.524118640990213,Low
1987-08-01 00:00:00,3764785.74,51349154.00,6641.00,6739.70,81.00,0.00,3606.90,3069.90,3030231234.08,3682461800.00,652230565.92,21.52411864099942,Low
1987-09-01 00:00:00,3764785.74,51349154.00,6976.00,7013.40,73.50,0.00,3799.50,3204.20,3153654872.68,3832451289.00,678796416.32,21.524118640894706,Low
1987-10-01 00:00:00,3764785.74,51349154.00,7069.00,7205.50,64.30,0.00,3983.50,3297.30,3258971133.71,3960435947.00,701464813.29,21.524118640825616,Low
1987-11-01 00:00:00,3764785.74,51349154.00,7336.00,7466.50,38.00,0.00,3965.10,3233.80,3234940384.65,3931232791.00,696292406.35,21.524118640762353,Low
1987-12-01 00:00:00,3764785.74,51349154.00,7363.00,7446.40,39.70,0.00,4139.70,3391.10,3378528906.79,4105727477.00,727198570.21,21.524118640764396,Low
1988-01-01 00:00:00,3844612.40,52278499.00,7227.00,7351.70,9.70,0.00,4084.00,3284.70,3357593233.73,4093700000.00,736106766.27,21.923643366776986,Low
1988-02-01 00:00:00,3844612.40,52278499.00,7084.00,7201.30,5.80,0.00,3887.20,3093.60,3192899992.57,3892900000.00,700000007.43,21.92364336681157,Low
1988-03-01 00:00:00,3844612.40,52278499.00,7012.00,7083.00,6.20,0.00,4033.60,3261.60,3313385237.22,4039800000.00,726414762.78,21.92364336691128,Low
1988-04-01 00:00:00,3844612.40,52278499.00,6761.00,6811.70,7.10,0.00,3791.70,3103.90,3115720540.41,3798800000.00,683079459.59,21.923643366940514,Low
1988-05-01 00:00:00,3844612.40,52278499.00,6698.00,6851.00,15.70,0.00,3740.70,3055.70,3080944676.74,3756400000.00,675455323.26,21.923643366901054,Low
1988-06-01 00:00:00,3844612.40,52278499.00,6935.00,7006.50,31.00,0.00,3812.90,3161.90,3152710904.83,3843900000.00,691189095.17,21.92364336708095,Low
1988-07-01 00:00:00,3844612.40,52278499.00,7304.00,7310.70,46.90,0.00,3939.20,3310.00,3269341277.81,3986100000.00,716758722.19,21.92364336678023,Low
1988-08-01 00:00:00,3844612.40,52278499.00,7259.00,7452.70,68.90,0.00,4194.10,3571.90,3496450632.77,4263000000.00,766549367.23,21.923643366951104,Low
1988-09-01 00:00:00,3844612.40,52278499.00,7516.00,7571.80,62.20,0.00,4053.50,3440.70,3375637313.93,4115700000.00,740062686.07,21.92364336701803,Low
1988-10-01 00:00:00,3844612.40,52278499.00,7457.00,7568.80,63.80,0.00,4162.50,3476.00,3466349826.24,4226300000.00,759950173.76,21.92364336707265,Low
1988-11-01 00:00:00,3844612.40,52278499.00,7564.00,7679.40,19.40,0.00,4131.90,3390.70,3404835916.45,4151300000.00,746464083.55,21.923643366881812,Low
1988-12-01 00:00:00,3844612.40,52278499.00,7563.00,7657.60,44.50,0.00,4217.50,3545.20,3495630447.31,4262000000.00,766369552.69,21.92364336681373,Low
1989-01-01 00:00:00,3854287.07,53200802.00,7408.00,7560.10,52.50,0.00,4166.30,3506.70,3458341764.62,4218800000.00,760458235.38,21.989100185520808,Low
1989-02-01 00:00:00,3854287.07,53200802.00,7497.00,7530.60,16.30,0.00,3910.70,3209.20,3219140065.82,3927000000.00,707859934.18,21.98910018535305,Low
1989-03-01 00:00:00,3854287.07,53200802.00,7393.00,7494.10,42.60,0.00,4225.60,3486.80,3498837185.87,4268200000.00,769362814.13,21.989100185543354,Low
1989-04-01 00:00:00,3854287.07,53200802.00,7379.00,7562.20,49.10,0.00,4085.20,3449.80,3389073280.90,4134300000.00,745226719.10,21.98910018558519,Low
1989-05-01 00:00:00,3854287.07,53200802.00,7283.00,7463.10,59.70,0.00,4070.30,3435.70,3385548375.81,4130000000.00,744451624.19,21.989100185635017,Low
1989-06-01 00:00:00,3854287.07,53200802.00,7408.00,7567.70,38.20,0.00,4219.20,3598.70,3489983935.88,4257400000.00,767416064.12,21.989100185542714,Low
1989-07-01 00:00:00,3854287.07,53200802.00,7510.00,7682.70,48.00,0.00,4301.60,3701.50,3565564458.94,4349600000.00,784035541.06,21.9891001856431,Low
1989-08-01 00:00:00,3854287.07,53200802.00,7870.00,8021.60,66.90,0.00,4615.90,3975.10,3838703616.04,4682800000.00,844096383.96,21.98910018561861,Low
1989-09-01 00:00:00,3854287.07,53200802.00,8013.00,8173.40,54.00,0.00,4480.90,3806.90,3717463275.90,4534900000.00,817436724.10,21.989100185585507,Low
1989-10-01 00:00:00,3854287.07,53200802.00,8096.00,8364.10,72.30,0.00,4605.50,3865.30,3834604889.20,4677800000.00,843195110.80,21.989100185388665,Low
1989-11-01 00:00:00,3854287.07,53200802.00,8450.00,8556.30,32.60,0.00,4607.40,3838.20,3803618514.23,4640000000.00,836381485.77,21.989100185545713,Low
1989-12-01 00:00:00,3854287.07,53200802.00,8440.00,8475.90,26.30,0.00,4754.60,3933.20,3919120636.79,4780900000.00,861779363.21,21.989100185388786,Low
1990-01-01 00:00:00,4211013.15,54130268.00,8292.00,8532.50,6.50,0.60,4759.60,3978.60,3927349660.09,4765469478.00,838119817.91,21.340595833038034,Low
1990-02-01 00:00:00,4211013.15,54130268.00,8182.00,8306.40,0.00,59.70,4355.00,3609.10,3539958990.24,4295407331.00,755448340.76,21.34059583296988,Low
1990-03-01 00:00:00,4211013.15,54130268.00,8027.00,8244.10,0.00,60.80,4690.90,3888.60,3815818096.34,4630136414.00,814318317.66,21.34059583293726,Low
1990-04-01 00:00:00,4211013.15,54130268.00,7744.00,7896.60,0.00,0.70,4092.90,3404.00,3372399108.40,4092089172.00,719690063.60,21.340595833019584,Low
1990-05-01 00:00:00,4211013.15,54130268.00,7937.00,8026.40,0.00,0.00,4588.20,3815.90,3781288199.97,4588237632.00,806949432.03,21.34059583282761,Low
1990-06-01 00:00:00,4211013.15,54130268.00,8210.00,8372.90,37.30,0.00,4643.80,3928.60,3857802183.90,4681080156.00,823277972.10,21.34059583292881,Low
1990-07-01 00:00:00,4211013.15,54130268.00,8323.00,8536.90,43.30,0.00,4650.40,3970.90,3868139591.52,4693623628.00,825484036.48,21.340595832934326,Low
1990-08-01 00:00:00,4211013.15,54130268.00,8526.00,8694.00,40.40,51.30,5059.10,4349.10,4160377665.32,5048227048.00,887849382.68,21.34059583294369,Low
1990-09-01 00:00:00,4211013.15,54130268.00,8724.00,8876.80,39.80,231.90,5129.00,4357.80,4068763316.27,4937061651.00,868298334.73,21.340595833084837,Low
1990-10-01 00:00:00,4211013.15,54130268.00,8876.00,9094.90,8.00,236.60,5289.50,4494.60,4170826225.35,5060905393.00,890079167.65,21.34059583303085,Low
1990-11-01 00:00:00,4211013.15,54130268.00,8963.00,9066.90,0.00,213.50,5186.20,4360.30,4098117528.49,4972680227.00,874562698.51,21.34059583284433,Low
1990-12-01 00:00:00,4211013.15,54130268.00,9007.00,9180.40,0.20,51.70,5098.40,4234.30,4159159434.12,5046748839.00,887589404.88,21.340595832864416,Low
1991-01-01 00:00:00,4250028.76,55068880.00,8486.10,8630.10,73.20,77.80,4730.20,4100.00,3849487631.14,4725601292.00,876113660.86,22.759227845617076,Low
1991-02-01 00:00:00,4250028.76,55068880.00,8534.00,8663.50,67.20,129.90,4535.40,3929.70,3643504904.27,4472738487.00,829233582.73,22.75922784564338,Low
1991-03-01 00:00:00,4250028.76,55068880.00,8669.00,8789.30,74.40,129.50,5061.30,4387.40,4078089741.89,5006231478.00,928141736.11,22.759227845727853,Low
1991-04-01 00:00:00,4250028.76,55068880.00,8347.00,8552.00,56.90,19.90,4458.50,3760.80,3662073775.54,4495533490.00,833459714.46,22.75922784589724,Low
1991-05-01 00:00:00,4250028.76,55068880.00,8314.00,8547.30,118.30,40.80,4835.40,4200.30,4002084993.70,4912928636.00,910843642.30,22.759227845831145,Low
1991-06-01 00:00:00,4250028.76,55068880.00,8589.00,8741.10,125.50,0.00,4491.30,3901.00,3760921801.17,4616878563.00,855956761.83,22.75922784578284,Low
1991-07-01 00:00:00,4250028.76,55068880.00,8860.00,9021.20,112.70,0.00,5253.30,4593.50,4371142215.67,5365980432.00,994838216.33,22.75922784583922,Low
1991-08-01 00:00:00,4250028.76,55068880.00,9173.00,9311.60,76.60,0.00,5402.70,4700.10,4463428560.24,5479270436.00,1015841875.76,22.759227845810486,Low
1991-09-01 00:00:00,4250028.76,55068880.00,9266.00,9374.20,54.50,0.00,5170.00,4449.90,4255869589.34,5224472646.00,968603056.66,22.75922784584691,Low
1991-10-01 00:00:00,4250028.76,55068880.00,9551.00,9656.00,0.00,0.00,5330.00,4466.30,4341811342.03,5329974078.00,988162735.97,22.759227845860014,Low
1991-11-01 00:00:00,4250028.76,55068880.00,9649.00,9784.10,0.00,40.50,5335.80,4462.20,4313571737.88,5295307358.00,981735620.12,22.75922784588939,Low
1991-12-01 00:00:00,4250028.76,55068880.00,9854.00,9964.90,0.00,68.00,5642.40,4601.90,4540913707.12,5574390604.00,1033476896.88,22.75922784569861,Low
1992-01-01 00:00:00,4504362.66,56012109.00,9684.00,9848.60,0.00,70.20,5667.00,4721.30,4494628541.96,5596782874.00,1102154332.04,24.521588864368685,Low
1992-02-01 00:00:00,4504362.66,56012109.00,9462.00,9593.20,0.00,70.60,5264.30,4420.10,4170911580.37,5193685370.00,1022773789.63,24.52158886425663,Low
1992-03-01 00:00:00,4504362.66,56012109.00,9419.00,9530.60,0.00,67.40,5664.00,4763.50,4494383265.62,5596477452.00,1102094186.38,24.521588864272488,Low
1992-04-01 00:00:00,4504362.66,56012109.00,9095.00,9172.90,27.50,1.00,4888.50,4096.10,3946972193.19,4914832487.00,967860293.81,24.521588864495172,Low
1992-05-01 00:00:00,4504362.66,56012109.00,9060.00,9329.70,46.40,0.40,5270.90,4429.10,4269967424.52,5317031281.00,1047063856.48,24.52158886429218,Low
1992-06-01 00:00:00,4504362.66,56012109.00,9242.00,9335.10,47.20,0.70,4982.30,4211.60,4038494749.27,5028797828.00,990303078.73,24.52158886448986,Low
1992-07-01 00:00:00,4504362.66,56012109.00,9510.00,9729.80,0.00,0.80,5776.60,4921.20,4638477835.59,5775906300.00,1137428464.41,24.52158886440648,Low
1992-08-01 00:00:00,4504362.66,56012109.00,10005.00,10214.90,13.50,0.90,5965.20,5161.40,4800635764.86,5977827930.00,1177192165.14,24.521588864476797,Low
1992-09-01 00:00:00,4504362.66,56012109.00,10101.00,10294.90,54.20,0.80,5705.40,4885.40,4624749742.21,5758811860.00,1134062117.79,24.521588864353834,Low
1992-10-01 00:00:00,4504362.66,56012109.00,10144.00,10519.50,0.00,1.50,5845.80,4905.40,4693455016.35,5844364759.00,1150909742.65,24.52158886450856,Low
1992-11-01 00:00:00,4504362.66,56012109.00,10713.00,10829.10,0.00,51.80,5898.70,4937.90,4695521961.55,5846938552.00,1151416590.45,24.5215888644234,Low
1992-12-01 00:00:00,4504362.66,56012109.00,10937.00,11113.30,0.00,48.10,6413.50,5249.50,5111801924.51,6365296976.00,1253495051.49,24.52158886438378,Low
1993-01-01 00:00:00,4866604.36,56959988.00,10758.00,10944.20,0.00,65.20,6270.30,5262.00,5005861072.63,6205080909.00,1199219836.37,23.956314787216993,Low
1993-02-01 00:00:00,4866604.36,56959988.00,10561.00,10714.30,0.00,95.50,5771.00,4965.80,4578651746.58,5675527972.00,1096876225.42,23.956314787192674,Low
1993-03-01 00:00:00,4866604.36,56959988.00,10237.00,10328.70,0.00,100.50,5927.90,4942.60,4701198963.52,5827432986.00,1126234022.48,23.956314787339643,Low
1993-04-01 00:00:00,4866604.36,56959988.00,10006.00,10141.30,0.30,26.60,5695.10,4764.20,4573327573.29,5668928323.00,1095600749.71,23.95631478726194,Low
1993-05-01 00:00:00,4866604.36,56959988.00,9716.00,9987.10,29.30,33.10,5661.70,4822.50,4564399913.56,5657861925.00,1093462011.44,23.956314787219316,Low
1993-06-01 00:00:00,4866604.36,56959988.00,10312.00,10452.40,41.50,25.70,5513.50,4709.80,4460699600.89,5529318839.00,1068619238.11,23.95631478741112,Low
1993-07-01 00:00:00,4866604.36,56959988.00,10588.00,10810.30,67.60,21.40,6368.50,5500.00,5174985730.26,6414721602.00,1239735871.74,23.95631478732046,Low
1993-08-01 00:00:00,4866604.36,56959988.00,10877.00,11087.60,54.80,18.10,6436.30,5550.20,5221978590.69,6472972220.00,1250993629.31,23.95631478727877,Low
1993-09-01 00:00:00,4866604.36,56959988.00,10975.00,11230.90,19.40,15.10,6300.20,5339.90,5086051844.00,6304482434.00,1218430590.00,23.956314787419615,Low
1993-10-01 00:00:00,4866604.36,56959988.00,11098.00,11256.80,0.00,44.10,6329.00,5329.20,5070261885.23,6284909783.00,1214647897.77,23.956314787375142,Low
1993-11-01 00:00:00,4866604.36,56959988.00,11679.00,11810.80,0.00,61.70,6562.40,5506.00,5244271574.35,6500605781.00,1256334206.65,23.95631478725844,Low
1993-12-01 00:00:00,4866604.36,56959988.00,11803.00,11921.40,0.00,81.70,6971.60,5808.90,5558311505.00,6889878106.00,1331566601.00,23.95631478736275,Low
1994-01-01 00:00:00,4601098.69,57911273.00,11611.00,11775.70,0.00,66.10,6763.00,5708.50,5286481773.46,6697041280.00,1410559506.54,26.68238664174547,Poor
1994-02-01 00:00:00,4601098.69,57911273.00,11595.00,11854.90,0.00,50.90,6272.90,5244.30,4911649887.52,6222195301.00,1310545413.48,26.68238664180771,Poor
1994-03-01 00:00:00,4601098.69,57911273.00,11304.00,11359.60,0.00,82.80,6483.30,5457.90,5052323247.67,6400403671.00,1348080423.33,26.682386641664298,Poor
1994-04-01 00:00:00,4601098.69,57911273.00,10554.00,10920.20,0.00,61.60,5981.10,5085.80,4672727071.16,5919522175.00,1246795103.84,26.68238664173648,Poor
1994-05-01 00:00:00,4601098.69,57911273.00,10392.00,10601.10,3.20,48.30,5875.30,4961.90,4602295122.91,5830297302.00,1228002179.09,26.682386641766303,Poor
1994-06-01 00:00:00,4601098.69,57911273.00,10279.00,10361.20,28.20,29.90,6010.90,5154.10,4743515082.33,6009198117.00,1265683034.67,26.682386641602086,Poor
1994-07-01 00:00:00,4601098.69,57911273.00,10666.00,10779.70,0.00,23.50,6540.40,5613.50,5144254976.37,6516864979.00,1372610002.63,26.68238664170124,Poor
1994-08-01 00:00:00,4601098.69,57911273.00,11210.00,11364.80,0.00,22.10,6771.60,5823.90,5327773663.67,6749350832.00,1421577168.33,26.68238664160437,Poor
1994-09-01 00:00:00,4601098.69,57911273.00,11309.00,11587.40,0.00,28.10,6670.90,5706.40,5243648814.25,6642779465.00,1399130650.75,26.682386641678974,Poor
1994-10-01 00:00:00,4601098.69,57911273.00,11532.00,11712.70,0.00,30.50,6642.20,5603.70,5219082814.33,6611658670.00,1392575855.67,26.682386641699075,Poor
1994-11-01 00:00:00,4601098.69,57911273.00,12446.00,12613.10,0.00,58.20,6884.70,5804.10,5388653903.65,6826475373.00,1437821469.35,26.68238664160808,Poor
1994-12-01 00:00:00,4601098.69,57911273.00,12430.00,12759.70,0.00,68.10,7425.40,6159.20,5807593642.68,7357198233.00,1549604590.32,26.682386641722957,Poor
1995-01-01 00:00:00,4931973.99,58864649.00,12337.00,12496.30,0.00,77.60,7284.30,6037.10,5676849703.95,7206756691.00,1529906987.05,26.949929394563288,Poor
1995-02-01 00:00:00,4931973.99,58864649.00,11725.00,11872.40,0.00,68.90,6597.50,5554.90,5142695191.04,6528647914.00,1385952722.96,26.949929394507254,Poor
1995-03-01 00:00:00,4931973.99,58864649.00,11926.00,12139.40,0.00,74.70,6867.50,5746.60,5350675320.89,6792678542.00,1442003221.11,26.949929394522588,Poor
1995-04-01 00:00:00,4931973.99,58864649.00,11749.00,11846.00,0.00,73.50,6708.90,5640.50,5226916537.60,6635566854.00,1408650316.40,26.94992939464073,Poor
1995-05-01 00:00:00,4931973.99,58864649.00,11610.00,11850.30,0.00,52.40,6468.40,5343.10,5053960116.09,6415998799.00,1362038682.91,26.949929394451615,Poor
1995-06-01 00:00:00,4931973.99,58864649.00,11802.00,11814.00,0.00,47.40,7015.60,5869.30,5488928786.52,6968191219.00,1479262432.48,26.949929394472207,Poor
1995-07-01 00:00:00,4931973.99,58864649.00,11955.00,12137.30,0.00,39.90,7412.40,6305.90,5807374272.01,7372457538.00,1565083265.99,26.949929394654053,Poor
1995-08-01 00:00:00,4931973.99,58864649.00,12346.00,12493.80,0.00,48.90,7695.90,6561.50,6023615121.70,7646975144.00,1623360022.30,26.94992939459006,Poor
1995-09-01 00:00:00,4931973.99,58864649.00,12212.00,12491.80,0.00,42.20,7171.60,6121.20,5615944847.71,7129438019.00,1513493171.29,26.949929394466064,Poor
1995-10-01 00:00:00,4931973.99,58864649.00,12491.00,12842.50,0.00,58.30,7119.50,6138.20,5562084989.47,7061062967.00,1498977977.53,26.949929394603416,Poor
1995-11-01 00:00:00,4931973.99,58864649.00,13618.00,13783.70,0.00,55.50,7677.60,6400.20,6004126289.28,7622234085.00,1618107795.72,26.94992939454043,Poor
1995-12-01 00:00:00,4931973.99,58864649.00,13827.00,14164.60,0.00,56.60,8228.20,6853.10,6436828823.75,8171549647.00,1734720823.25,26.949929394570688,Poor
1996-01-01 00:00:00,5277474.34,59821978.00,13610.00,13690.00,0.00,50.30,8215.60,6814.30,6388285246.38,8165274049.00,1776988802.62,27.816365958720336,Poor
1996-02-01 00:00:00,5277474.34,59821978.00,13024.00,13190.90,0.00,42.40,7241.80,6040.10,5632684894.46,7199493138.00,1566808243.54,27.816365958639487,Poor
1996-03-01 00:00:00,5277474.34,59821978.00,13384.00,13482.10,0.00,45.80,8146.40,6730.80,6337505667.79,8100369437.00,1762863769.21,27.81636595876595,Poor
1996-04-01 00:00:00,5277474.34,59821978.00,13037.00,13176.10,0.00,53.50,7290.70,6026.00,5662207513.66,7237227877.00,1575020363.34,27.8163659586881,Poor
1996-05-01 00:00:00,5277474.34,59821978.00,12257.00,12592.70,27.60,33.30,7247.40,5976.40,5665672519.07,7241656721.00,1575984201.93,27.816365958770454,Poor
1996-06-01 00:00:00,5277474.34,59821978.00,12883.00,12978.30,56.20,17.50,7406.80,6276.30,5825139224.66,7445481269.00,1620342044.34,27.816365958782306,Poor
1996-07-01 00:00:00,5277474.34,59821978.00,13415.00,13568.10,73.90,13.80,8210.00,7036.50,6470424154.19,8270261016.00,1799836861.81,27.816365958706037,Poor
1996-08-01 00:00:00,5277474.34,59821978.00,13461.00,13468.30,15.70,13.40,8310.20,7152.80,6503338238.14,8312330602.00,1808992363.86,27.816365958806166,Poor
1996-09-01 00:00:00,5277474.34,59821978.00,13136.00,13312.20,26.40,13.00,7654.30,6532.70,5998939885.74,7667626958.00,1668687072.26,27.816365958702367,Poor
1996-10-01 00:00:00,5277474.34,59821978.00,14076.00,14629.20,16.40,16.40,8138.70,6832.50,6367481077.21,8138682916.00,1771201838.79,27.816365958736018,Poor
1996-11-01 00:00:00,5277474.34,59821978.00,14487.00,14740.60,14.10,19.60,8291.40,7006.30,6482816517.15,8286100484.00,1803283966.85,27.816365958831213,Poor
1996-12-01 00:00:00,5277474.34,59821978.00,15136.00,15230.70,39.80,24.10,8708.40,7303.00,6825505061.55,8724112528.00,1898607466.45,27.816365958695023,Poor
1997-01-01 00:00:00,5674804.89,60783217.00,14879.00,15017.40,124.50,24.20,8841.70,7559.20,6921603265.94,9002263745.00,2080660479.06,30.060383398432656,Poor
1997-02-01 00:00:00,5674804.89,60783217.00,14902.00,14999.90,108.60,22.10,7827.90,6706.40,6122303312.46,7962691161.00,1840387848.54,30.06038339842582,Poor
1997-03-01 00:00:00,5674804.89,60783217.00,15111.00,15355.90,188.30,24.60,8907.80,7726.20,7014451473.71,9123022480.00,2108571006.29,30.06038339837227,Poor
1997-04-01 00:00:00,5674804.89,60783217.00,14897.00,15295.90,215.50,25.40,7952.30,6941.50,6300720340.72,8194741032.00,1894020691.28,30.06038339837767,Poor
1997-05-01 00:00:00,5674804.89,60783217.00,14168.00,14331.50,211.90,24.10,8108.10,6923.00,6395583337.25,8318120209.00,1922536871.75,30.06038339853235,Poor
1997-06-01 00:00:00,5674804.89,60783217.00,14168.00,14209.90,200.20,21.10,7979.60,6834.60,6325789892.37,8227346587.00,1901556694.63,30.060383398500278,Poor
1997-07-01 00:00:00,5674804.89,60783217.00,14666.00,14790.70,284.10,20.00,8790.30,7683.50,7025090477.40,9136859609.00,2111769131.60,30.060383398529122,Poor
1997-08-01 00:00:00,5674804.89,60783217.00,14520.00,14926.90,254.00,20.60,8718.60,7597.20,6962381737.92,9055300382.00,2092918644.08,30.060383398415265,Poor
1997-09-01 00:00:00,5674804.89,60783217.00,14575.00,14883.30,220.40,19.50,8429.40,7210.70,6732545000.40,8756373840.00,2023828839.60,30.06038339854778,Poor
1997-10-01 00:00:00,5674804.89,60783217.00,15621.00,15960.00,244.80,20.20,8774.00,7409.30,7012756882.36,9120818488.00,2108061605.64,30.06038339846989,Poor
1997-11-01 00:00:00,5674804.89,60783217.00,16369.00,16434.50,198.00,23.20,9084.60,7612.40,7216312940.00,9385564277.00,2169251337.00,30.060383398505998,Poor
1997-12-01 00:00:00,5674804.89,60783217.00,16717.00,16926.10,242.00,26.00,9881.50,8283.10,7860461339.47,10223346155.00,2362884815.53,30.060383398429387,Poor
1998-01-01 00:00:00,5850262.26,61742674.00,16125.00,16339.30,261.90,28.00,9559.70,8198.10,7532690306.73,9793584703.00,2260894396.27,30.01443447436076,Poor
1998-02-01 00:00:00,5850262.26,61742674.00,16422.00,16526.20,206.00,24.70,8899.10,7581.60,6984309725.85,9080610792.00,2096301066.15,30.014434474337083,Poor
1998-03-01 00:00:00,5850262.26,61742674.00,16782.00,16966.00,220.90,28.90,9881.10,8395.00,7747581621.01,10072974430.00,2325392808.99,30.014434474416728,Poor
1998-04-01 00:00:00,5850262.26,61742674.00,15936.00,16071.10,212.20,26.00,8041.70,6805.70,6328382160.23,8227810277.00,1899428116.77,30.014434474370727,Poor
1998-05-01 00:00:00,5850262.26,61742674.00,14864.00,15207.00,236.80,25.00,8727.50,7278.50,6875614949.33,8939291893.00,2063676943.67,30.014434474273415,Poor
1998-06-01 00:00:00,5850262.26,61742674.00,15400.00,15491.00,259.70,23.70,8692.20,7355.40,6867162290.17,8928302216.00,2061139925.83,30.014434474344938,Poor
1998-07-01 00:00:00,5850262.26,61742674.00,16056.00,16178.60,276.80,23.40,9638.90,8202.20,7608471274.74,9892110900.00,2283639625.26,30.014434474394964,Poor
1998-08-01 00:00:00,5850262.26,61742674.00,16189.00,16311.60,289.80,22.70,9804.40,8365.10,7746439156.33,10071489061.00,2325049904.67,30.014434474323426,Poor
1998-09-01 00:00:00,5850262.26,61742674.00,15639.00,15851.80,274.20,21.60,9087.50,7697.80,7183876160.18,9340075963.00,2156199802.82,30.01443447441018,Poor
1998-10-01 00:00:00,5850262.26,61742674.00,16118.00,16379.00,378.70,19.60,8947.90,7554.10,7158447258.28,9307014720.00,2148567461.72,30.014434474386952,Poor
1998-11-01 00:00:00,5850262.26,61742674.00,17184.00,17319.10,374.00,27.40,9343.90,7910.30,7453509807.72,9690638625.00,2237128817.28,30.014434474385286,Poor
1998-12-01 00:00:00,5850262.26,61742674.00,17565.00,17799.30,307.50,27.20,10398.50,8665.90,8213515289.42,10678755454.00,2465240164.58,30.01443447430514,Poor
1999-01-01 00:00:00,5653380.82,62692616.00,16978.00,17136.50,167.30,30.20,9837.40,8161.90,7677468523.59,9974386131.00,2296917607.41,29.917642779679625,Poor
1999-02-01 00:00:00,5653380.82,62692616.00,17306.00,17392.30,153.80,26.00,9325.60,7736.90,7276471304.24,9453419996.00,2176948691.76,29.91764277956394,Poor
1999-03-01 00:00:00,5653380.82,62692616.00,17441.00,17670.80,165.80,27.40,9718.00,8027.90,7586649131.03,9856395717.00,2269746585.97,29.917642779689857,Poor
1999-04-01 00:00:00,5653380.82,62692616.00,16307.00,16320.00,156.00,26.90,8992.70,7406.20,7021157336.17,9121722107.00,2100564770.83,29.917642779613963,Poor
1999-05-01 00:00:00,5653380.82,62692616.00,15584.00,15758.40,215.90,20.80,9236.70,7577.40,7259864242.61,9431844493.00,2171980250.39,29.917642779627922,Poor
1999-06-01 00:00:00,5653380.82,62692616.00,15996.00,16042.30,220.50,19.00,9225.50,7570.20,7256174298.05,9427050604.00,2170876305.95,29.917642779520797,Poor
1999-07-01 00:00:00,5653380.82,62692616.00,16874.00,17087.50,208.10,20.30,10184.70,8453.20,7983914010.51,10372512884.00,2388598873.49,29.917642779539655,Poor
1999-08-01 00:00:00,5653380.82,62692616.00,16771.00,17063.00,183.20,20.10,9828.40,8249.50,7690697124.14,9991572417.00,2300875292.86,29.917642779584714,Poor
1999-09-01 00:00:00,5653380.82,62692616.00,15795.00,16062.50,190.00,18.10,9261.60,7627.30,7261096123.80,9433444924.00,2172348800.20,29.917642779574294,Poor
1999-10-01 00:00:00,5653380.82,62692616.00,16552.00,16818.00,176.90,21.10,9626.50,7843.80,7529630359.44,9782318273.00,2252687913.56,29.91764277957914,Poor
1999-11-01 00:00:00,5653380.82,62692616.00,18147.00,18169.80,185.40,27.10,10231.40,8487.20,7997216085.29,10389794626.00,2392578540.71,29.917642779602833,Poor
1999-12-01 00:00:00,5653380.82,62692616.00,18804.00,18938.00,307.40,28.30,10971.40,9087.50,8659661461.13,11250428043.00,2590766581.87,29.91764277967433,Poor
2000-01-01 00:00:00,6036366.57,63627862.00,18979.00,19185.60,283.90,38.50,10934.10,9197.90,8566926087.51,11179327168.00,2612401080.49,30.494030808771704,Poor
2000-02-01 00:00:00,6036366.57,63627862.00,19083.00,19254.90,282.70,37.60,10646.60,8941.00,8346452467.98,10891622255.00,2545169787.02,30.494030808708118,Poor
2000-03-01 00:00:00,6036366.57,63627862.00,18916.00,19043.00,324.60,41.90,10618.90,8912.80,8354154622.58,10901673107.00,2547518484.42,30.494030808748118,Poor
2000-04-01 00:00:00,6036366.57,63627862.00,17395.00,17522.30,289.00,37.10,9470.80,7712.50,7450667654.10,9722676544.00,2272008889.90,30.49403080876577,Poor
2000-05-01 00:00:00,6036366.57,63627862.00,16521.00,16625.30,245.30,36.60,9719.90,7946.80,7608368173.22,9928466308.00,2320098134.78,30.494030808686436,Poor
2000-06-01 00:00:00,6036366.57,63627862.00,17074.00,17114.30,323.10,31.00,9696.90,8085.40,7654778226.32,9989028657.00,2334250430.68,30.494030808808688,Poor
2000-07-01 00:00:00,6036366.57,63627862.00,18110.00,18352.50,330.80,31.40,10887.00,9073.80,8572509772.03,11186613543.00,2614103770.97,30.494030808797447,Poor
2000-08-01 00:00:00,6036366.57,63627862.00,17964.00,18086.60,308.50,32.30,10913.60,9032.90,8574806421.91,11189610534.00,2614804112.09,30.494030808774387,Poor
2000-09-01 00:00:00,6036366.57,63627862.00,17471.00,17836.00,290.50,28.70,10144.00,8310.80,7974202788.06,10405858643.00,2431655854.94,30.494030808709642,Poor
2000-10-01 00:00:00,6036366.57,63627862.00,18459.00,18680.50,325.50,36.30,10354.80,8438.30,8156574139.47,10643842370.50,2487268231.03,30.494030808768187,Poor
2000-11-01 00:00:00,6036366.57,63627862.00,19270.00,19389.90,352.30,41.60,10539.50,8772.90,8314815810.16,10850338305.00,2535522494.84,30.4940308087379,Poor
2000-12-01 00:00:00,6036366.57,63627862.00,18996.00,19169.30,435.10,44.30,10995.50,9112.40,8725743836.66,11386574850.50,2660831013.84,30.494030808707546,Poor
2001-01-01 00:00:00,5692446.01,64544914.00,19328.00,19612.00,428.10,44.20,11304.00,9340.20,8942415717.57,11687810275.00,2745394557.43,30.700815575324537,Poor
2001-02-01 00:00:00,5692446.01,64544914.00,19165.00,19300.00,388.40,40.20,10184.60,8431.20,8058715469.09,10532806843.00,2474091373.91,30.70081557538074,Poor
2001-03-01 00:00:00,5692446.01,64544914.00,17680.00,17795.00,226.80,44.60,9633.80,7913.50,7510323308.07,9816053816.00,2305730507.93,30.700815575441926,Poor
2001-04-01 00:00:00,5692446.01,64544914.00,16651.00,16868.00,380.90,35.20,9342.80,7753.40,7412777472.24,9688560613.00,2275783140.76,30.70081557530287,Poor
2001-05-01 00:00:00,5692446.01,64544914.00,15760.00,15936.40,451.30,33.60,9325.20,7748.70,7454331551.12,9742872133.00,2288540581.88,30.700815575289926,Poor
2001-06-01 00:00:00,5692446.01,64544914.00,16639.00,16777.60,339.70,32.30,9606.10,7928.60,7584910912.27,9913540423.00,2328629510.73,30.700815575341956,Poor
2001-07-01 00:00:00,5692446.01,64544914.00,17980.00,18063.40,436.60,31.40,10671.40,8962.50,8474731590.04,11076543306.00,2601811715.96,30.700815575301537,Poor
2001-08-01 00:00:00,5692446.01,64544914.00,18154.00,18332.30,490.30,32.00,10813.50,9055.00,8624134745.74,11271814449.00,2647679703.26,30.70081557535792,Poor
2001-09-01 00:00:00,5692446.01,64544914.00,17203.00,17533.80,336.90,28.90,9926.70,8130.90,7830603296.50,10234662373.00,2404059076.50,30.700815575404373,Poor
2001-10-01 00:00:00,5692446.01,64544914.00,17981.00,18221.30,465.30,32.10,9991.50,8104.50,7975969071.89,10424656627.00,2448687555.11,30.70081557537628,Poor
2001-11-01 00:00:00,5692446.01,64544914.00,18451.00,18567.10,419.50,37.40,10592.10,8762.70,8396420320.86,10974189838.50,2577769517.64,30.70081557536859,Poor
2001-12-01 00:00:00,5692446.01,64544914.00,19245.00,19516.50,215.60,40.90,11333.00,9124.00,8804666544.61,11507770982.50,2703104437.89,30.700815575403862,Poor
2002-01-01 00:00:00,6043319.25,65446165.00,19831.00,20071.90,300.80,40.90,11704.10,9462.10,9292124920.36,11964019937.00,2671895016.64,28.754402674738085,Poor
2002-02-01 00:00:00,6043319.25,65446165.00,18600.00,18790.40,370.40,33.30,9613.90,7733.70,7728637782.70,9950961412.00,2222323629.30,28.754402674615076,Poor
2002-03-01 00:00:00,6043319.25,65446165.00,18851.00,19093.10,371.20,38.60,10882.30,8523.90,8710312996.70,11214911470.00,2504598473.30,28.754402674724723,Poor
2002-04-01 00:00:00,6043319.25,65446165.00,18401.00,18637.60,337.70,38.80,10307.20,8132.20,8237446135.18,10606074567.00,2368628431.82,28.754402674685803,Poor
2002-05-01 00:00:00,6043319.25,65446165.00,16285.00,16604.80,287.40,38.00,10136.60,7841.10,8066533200.61,10386016639.00,2319483438.39,28.754402674678115,Poor
2002-06-01 00:00:00,6043319.25,65446165.00,17867.00,18243.00,248.20,30.00,10216.90,8106.80,8104701778.13,10435160363.00,2330458584.87,28.754402674736134,Poor
2002-07-01 00:00:00,6043319.25,65446165.00,18788.00,18950.30,261.40,33.10,11500.20,9163.60,9109152031.12,11728434286.40,2619282255.28,28.75440267471253,Poor
2002-08-01 00:00:00,6043319.25,65446165.00,18788.00,19022.70,291.80,31.70,11386.70,9112.90,9045823830.84,11646896440.40,2601072609.56,28.75440267465902,Poor
2002-09-01 00:00:00,6043319.25,65446165.00,14579.00,17624.30,282.70,32.60,10255.40,7912.00,8159320505.68,10505484379.40,2346163873.72,28.754402674668185,Poor
2002-10-01 00:00:00,6043319.25,65446165.00,18143.00,18531.10,287.60,35.00,10517.60,8015.70,8364948707.51,10770239742.40,2405291034.89,28.754402674705513,Poor
2002-11-01 00:00:00,6043319.25,65446165.00,18728.00,18963.80,271.40,40.80,10991.70,8546.30,8715974328.55,11222200684.00,2506226355.45,28.75440267464554,Poor
2002-12-01 00:00:00,6043319.25,65446165.00,20782.00,21006.00,277.60,42.30,11886.90,9482.50,9415023782.63,12122257633.00,2707233850.37,28.75440267463413,Poor
2003-01-01 00:00:00,6361516.05,66339433.00,20186.00,20617.90,314.70,40.20,12111.60,9667.00,9807955629.43,12386168937.00,2578213307.57,26.286959331603704,Poor
2003-02-01 00:00:00,6361516.05,66339433.00,20232.00,20418.50,233.50,36.80,10662.50,8450.20,8598912222.19,10859304781.00,2260392558.81,26.286959331634108,Poor
2003-03-01 00:00:00,6361516.05,66339433.00,20056.00,20307.40,379.70,41.60,12053.30,9507.70,9812041759.16,12391329186.00,2579287426.84,26.28695933170193,Poor
2003-04-01 00:00:00,6361516.05,66339433.00,18824.00,19068.60,206.60,33.80,10872.60,8308.30,8746433961.56,11045605500.00,2299171538.44,26.286959331593966,Poor
2003-05-01 00:00:00,6361516.05,66339433.00,17434.00,17650.30,0.00,31.50,10949.10,8260.20,8644989138.05,10917493917.00,2272504778.95,26.286959331710573,Poor
2003-06-01 00:00:00,6361516.05,66339433.00,19025.00,19302.20,0.00,26.90,11112.00,8699.30,8777701288.93,11085092057.00,2307390768.07,26.28695933159592,Poor
2003-07-01 00:00:00,6361516.05,66339433.00,19627.00,19842.80,0.00,28.50,12443.90,9772.70,9831095512.72,12415391592.00,2584296079.28,26.28695933160551,Poor
2003-08-01 00:00:00,6361516.05,66339433.00,20068.00,20200.40,0.00,27.90,12589.20,9985.50,9946636520.89,12561304818.00,2614668297.11,26.28695933161581,Poor
2003-09-01 00:00:00,6361516.05,66339433.00,20023.00,20249.70,0.00,46.40,11460.70,8809.30,9038373100.76,11414286562.00,2375913461.24,26.286959331654707,Poor
2003-10-01 00:00:00,6361516.05,66339433.00,19607.00,19682.30,0.00,80.70,11659.60,8796.80,9168693436.98,11578864152.00,2410170715.02,26.286959331621695,Poor
2003-11-01 00:00:00,6361516.05,66339433.00,19907.00,20171.10,0.00,101.90,11541.30,8883.80,9058224655.61,11439356487.00,2381131831.39,26.286959331653375,Poor
2003-12-01 00:00:00,6361516.05,66339433.00,21539.00,21728.90,23.50,91.40,13124.70,10353.00,10338942773.74,13056736456.00,2717793682.26,26.286959331692554,Poor
2004-01-01 00:00:00,6957132.55,67235927.00,21799.00,21956.70,42.30,100.30,12999.60,9954.40,10450444251.87,12941631971.00,2491187719.13,23.838103520663513,Low
2004-02-01 00:00:00,6957132.55,67235927.00,21053.00,21256.60,36.20,88.30,11560.00,9377.60,9292622372.95,11507807314.00,2215184941.05,23.838103520683323,Low
2004-03-01 00:00:00,6957132.55,67235927.00,20547.00,20806.70,37.10,96.50,12598.80,9695.80,10125692837.26,12539465978.00,2413773140.74,23.838103520757834,Low
2004-04-01 00:00:00,6957132.55,67235927.00,19564.00,19827.80,32.60,92.80,11842.50,9072.20,9514242286.53,11782257212.00,2268014925.47,23.83810352066598,Low
2004-05-01 00:00:00,6957132.55,67235927.00,18746.00,19138.00,26.70,89.90,11885.40,9037.50,9546561160.82,11822280293.00,2275719132.18,23.838103520666362,Low
2004-06-01 00:00:00,6957132.55,67235927.00,20230.00,20308.90,27.60,84.60,11982.80,9290.10,9630135228.13,11925776833.00,2295641604.87,23.838103520751623,Low
2004-07-01 00:00:00,6957132.55,67235927.00,21511.00,21958.80,45.70,89.10,13286.20,10494.30,10693610171.27,13242764034.00,2549153862.73,23.838103520723873,Low
2004-08-01 00:00:00,6957132.55,67235927.00,21310.00,21453.30,47.70,96.30,13353.20,10517.10,10743557586.68,13304617966.00,2561060379.32,23.838103520711197,Low
2004-09-01 00:00:00,6957132.55,67235927.00,21211.00,21460.40,47.00,83.00,12561.10,9860.60,10114212563.75,12525249025.00,2411036461.25,23.83810352069634,Low
2004-10-01 00:00:00,6957132.55,67235927.00,20149.00,20509.90,33.20,85.40,12378.40,9615.30,9953406978.20,12326110437.50,2372703459.30,23.83810352070107,Low
2004-11-01 00:00:00,6957132.55,67235927.00,22800.00,22685.70,41.50,102.80,12211.60,9413.30,9811355362.02,12150196410.00,2338841047.98,23.83810352067882,Low
2004-12-01 00:00:00,6957132.55,67235927.00,23199.00,23485.30,45.90,135.30,14038.70,10818.90,11264159200.54,13949321131.50,2685161930.96,23.838103520689536,Low
2005-01-01 00:00:00,7541644.24,68143186.00,22671.00,23022.10,50.00,137.90,13300.30,10452.60,10703351835.02,13212301334.00,2508949498.98,23.440783201866143,Low
2005-02-01 00:00:00,7541644.24,68143186.00,22597.00,22886.30,44.60,130.60,12609.90,10073.00,10145696043.19,12523926657.00,2378230613.81,23.440783201920553,Low
2005-03-01 00:00:00,7541644.24,68143186.00,21751.00,21902.50,45.20,153.70,13574.20,10598.90,10908687392.22,13465769154.00,2557081761.78,23.440783201869852,Low
2005-04-01 00:00:00,7541644.24,68143186.00,21236.00,21559.00,38.70,140.60,12635.80,9832.20,10153729013.93,12533842619.00,2380113605.07,23.440783201961555,Low
2005-05-01 00:00:00,7541644.24,68143186.00,20616.00,20778.60,41.30,142.90,12861.50,9918.60,10336750485.56,12759765757.00,2423015271.44,23.44078320188583,Low
2005-06-01 00:00:00,7541644.24,68143186.00,21801.00,21940.20,37.40,154.90,12720.40,9818.60,10209677190.23,12602905486.00,2393228295.77,23.440783201844663,Low
2005-07-01 00:00:00,7541644.24,68143186.00,23289.00,23507.80,88.90,148.20,14313.70,11245.80,11547463675.51,14254279601.00,2706815925.49,23.44078320186144,Low
2005-08-01 00:00:00,7541644.24,68143186.00,23887.00,23911.50,94.90,158.20,14757.30,11552.90,11903715394.42,14694039513.00,2790324118.58,23.440783201923622,Low
2005-09-01 00:00:00,7541644.24,68143186.00,22880.00,22930.00,52.60,147.40,13378.20,10390.70,10760948711.96,13283399370.00,2522450658.04,23.440783201916783,Low
2005-10-01 00:00:00,7541644.24,68143186.00,21441.00,21841.90,43.80,140.20,13503.40,10537.70,10861170529.09,13407113966.00,2545943436.91,23.44078320187567,Low
2005-11-01 00:00:00,7541644.24,68143186.00,24395.00,24871.50,48.10,148.10,13422.10,10430.50,10792403707.14,13322227662.40,2529823955.26,23.440783201858252,Low
2005-12-01 00:00:00,7541644.24,68143186.00,24897.00,25174.20,50.40,195.40,14879.40,11287.00,11936406021.74,14734393079.40,2797987057.66,23.440783201945155,Low
2006-01-01 00:00:00,8061526.68,69063538.00,24964.00,25073.80,50.00,210.40,14332.50,11207.10,11693118697.73,14172081801.00,2478963103.27,21.200187626174053,Low
2006-02-01 00:00:00,8061526.68,69063538.00,24440.00,24840.30,42.70,185.40,13683.00,10651.50,11171829407.36,13540278203.00,2368448795.64,21.200187626206198,Low
2006-03-01 00:00:00,8061526.68,69063538.00,23554.00,23897.40,45.80,191.20,14616.80,11334.50,11940091124.80,14471412846.00,2531321721.20,21.200187626226345,Low
2006-04-01 00:00:00,8061526.68,69063538.00,21998.00,22186.50,47.20,167.30,13397.60,10415.40,10955056384.85,13277548893.00,2322492508.15,21.20018762625292,Low
2006-05-01 00:00:00,8061526.68,69063538.00,22828.00,23109.00,43.50,164.70,13996.90,10899.90,11448589462.41,13875711909.00,2427122446.59,21.200187626249946,Low
2006-06-01 00:00:00,8061526.68,69063538.00,24706.00,24875.30,32.70,170.40,14473.80,11299.80,11828408683.01,14336053517.00,2507644833.99,21.200187626184334,Low
2006-07-01 00:00:00,8061526.68,69063538.00,25572.00,25711.90,34.90,170.10,15588.00,12408.70,12749790457.96,15452769957.00,2702979499.04,21.200187626240282,Low
2006-08-01 00:00:00,8061526.68,69063538.00,26182.00,26402.00,45.40,167.70,16389.50,13978.90,13421735033.26,16267168043.00,2845433009.74,21.200187626181098,Low
2006-09-01 00:00:00,8061526.68,69063538.00,24409.00,24703.50,67.70,163.90,14491.30,12293.70,11877174475.83,14395157749.40,2517983273.57,21.200187626224448,Low
2006-10-01 00:00:00,8061526.68,69063538.00,24018.00,24295.90,47.70,155.60,13843.20,11659.10,11332694834.40,13735247402.40,2402552568.00,21.200187626222277,Low
2006-11-01 00:00:00,8061526.68,69063538.00,25881.00,26118.80,54.00,222.30,15236.20,12961.00,12432288784.79,15067957333.40,2635668548.61,21.200187626228153,Low
2006-12-01 00:00:00,8061526.68,69063538.00,27323.00,27594.40,61.60,266.70,16251.00,13906.30,13239222653.59,16045962696.40,2806740042.81,21.200187626189013,Low
2007-01-01 00:00:00,8437885.46,69992754.00,26388.00,26642.60,63.52,251.74,15873.90,13600.20,12807782528.31,15685715555.00,2877933026.69,22.470189670449898,Low
2007-02-01 00:00:00,8437885.46,69992754.00,26476.00,26911.50,56.14,177.79,14669.60,12567.70,11878774432.49,14547957578.00,2669183145.51,22.470189670488526,Low
2007-03-01 00:00:00,8437885.46,69992754.00,25544.00,25800.20,59.60,237.95,15801.00,13571.80,12756262920.01,15622619393.00,2866356472.99,22.470189670469356,Low
2007-04-01 00:00:00,8437885.46,69992754.00,24567.00,24764.10,61.15,204.63,14929.30,12944.20,12072964015.80,14785781929.00,2712817913.20,22.470189670487795,Low
2007-05-01 00:00:00,8437885.46,69992754.00,24208.00,24358.00,107.08,240.35,15245.80,13087.50,12339747563.60,15112512246.00,2772764682.40,22.47018967048523,Low
2007-06-01 00:00:00,8437885.46,69992754.00,27946.00,28144.80,69.86,250.64,15741.20,13513.40,12705461795.12,15560403159.00,2854941363.88,22.470189670528505,Low
2007-07-01 00:00:00,8437885.46,69992754.00,28708.00,28732.50,99.70,193.14,17585.00,15160.00,14282318393.61,17491582426.00,3209264032.39,22.47018967050787,Low
2007-08-01 00:00:00,8437885.46,69992754.00,28573.00,28793.70,102.59,314.19,17791.10,15356.30,14354099363.53,17579492716.00,3225393352.47,22.47018967044967,Low
2007-09-01 00:00:00,8437885.46,69992754.00,27992.00,28203.60,60.65,226.97,15802.60,13520.30,12767540840.00,15636431483.00,2868890643.00,22.470189670448708,Low
2007-10-01 00:00:00,8437885.46,69992754.00,25461.00,25851.10,56.85,128.39,15142.70,12807.40,12305947476.32,15071117215.00,2765169738.68,22.47018967049015,Low
2007-11-01 00:00:00,8437885.46,69992754.00,28796.00,28892.40,57.36,117.84,16163.90,13878.60,13148870031.74,16103446067.40,2954576035.66,22.470189670503714,Low
2007-12-01 00:00:00,8437885.46,69992754.00,29150.00,29248.50,69.82,78.59,16812.00,14545.20,13720230639.48,16803192487.40,3082961847.92,22.470189670491177,Low
2008-01-01 00:00:00,8493477.49,70923730.00,29703.00,29865.20,65.00,5.20,17888.50,15556.00,14674109928.79,17948279109.60,3274169180.81,22.312557263771172,Low
2008-02-01 00:00:00,8493477.49,70923730.00,28994.00,29256.80,66.00,85.70,16523.80,14347.10,13493277671.24,16503972978.40,3010695307.16,22.312557263807676,Low
2008-03-01 00:00:00,8493477.49,70923730.00,26306.00,26401.50,45.30,171.90,16371.10,14167.50,13281247224.96,16244633117.38,2963385892.42,22.312557263829756,Low
2008-04-01 00:00:00,8493477.49,70923730.00,25939.00,26098.60,68.40,124.30,15708.20,13612.40,12796901871.92,15652217930.08,2855316058.16,22.31255726376527,Low
2008-05-01 00:00:00,8493477.49,70923730.00,26392.00,26614.20,124.90,80.00,16239.10,14112.80,13313434945.34,16284002741.30,2970567795.96,22.312557263816917,Low
2008-06-01 00:00:00,8493477.49,70923730.00,29468.00,29679.50,47.00,78.50,16558.60,14321.80,13512217822.92,16527139162.27,3014921339.35,22.31255726381173,Low
2008-07-01 00:00:00,8493477.49,70923730.00,30482.00,30516.80,81.30,77.20,18304.40,15926.90,14968627290.57,18308510826.38,3339883535.81,22.31255726377845,Low
2008-08-01 00:00:00,8493477.49,70923730.00,30130.00,30359.00,33.70,84.40,18442.50,16076.40,15036719355.99,18391795972.89,3355076616.90,22.31255726378559,Low
2008-09-01 00:00:00,8493477.49,70923730.00,27884.00,28046.50,66.70,92.40,16070.80,13962.30,13118186494.18,16045189367.67,2927002873.49,22.312557263830566,Low
2008-10-01 00:00:00,8493477.49,70923730.00,24607.00,25209.30,66.50,124.10,14974.60,12981.00,12195737981.68,14916919002.58,2721181020.90,22.31255726375608,Low
2008-11-01 00:00:00,8493477.49,70923730.00,27002.00,27461.20,66.10,95.80,15475.74,13504.00,12628377348.85,15446091276.30,2817713927.45,22.312557263792833,Low
2008-12-01 00:00:00,8493477.49,70923730.00,27951.00,28286.30,58.50,102.70,15860.64,14067.00,12931162063.57,15816435003.88,2885272940.31,22.312557263808984,Low
2009-01-01 00:00:00,8083592.87,71846212.00,27830.00,28012.60,64.92,105.09,16891.58,14915.70,13622379082.07,16851415517.19,3229036435.13,23.703909689168107,Low
2009-02-01 00:00:00,8083592.87,71846212.00,27343.00,27486.90,56.28,96.03,15049.78,13301.00,12133836311.35,15010029912.42,2876193601.07,23.703909689136044,Low
2009-03-01 00:00:00,8083592.87,71846212.00,26434.00,26598.90,60.24,103.67,16027.14,14184.70,12920940999.43,15983709184.92,3062768185.49,23.703909689124902,Low
2009-04-01 00:00:00,8083592.87,71846212.00,24900.00,25000.60,60.22,101.47,14890.35,13242.60,12003753008.08,14849111780.42,2845358772.34,23.70390968911743,Low
2009-05-01 00:00:00,8083592.87,71846212.00,24808.00,25175.70,50.56,105.19,15352.34,13555.10,12366394840.73,15297713905.58,2931319064.85,23.703909689147217,Low
2009-06-01 00:00:00,8083592.87,71846212.00,27693.00,27936.50,58.38,106.80,15948.04,14122.30,12852962587.85,15899617232.06,3046654644.21,23.703909689195118,Low
2009-07-01 00:00:00,8083592.87,71846212.00,29239.00,29457.20,89.74,98.02,17751.78,15737.50,14343530428.34,17743507927.31,3399977498.97,23.703909689153736,Low
2009-08-01 00:00:00,8083592.87,71846212.00,29604.00,29870.00,93.94,204.69,17815.31,15821.00,14312040724.72,17704553932.78,3392513208.06,23.70390968913604,Low
2009-09-01 00:00:00,8083592.87,71846212.00,27398.00,27550.60,52.90,174.42,15500.82,13699.60,12432348621.82,15379301311.38,2946952689.56,23.703909689178175,Low
2009-10-01 00:00:00,8083592.87,71846212.00,25475.00,25732.00,36.88,100.91,16053.93,13995.70,12925949233.87,15989904566.74,3063955332.86,23.703909689135134,Low
2009-11-01 00:00:00,8083592.87,71846212.00,28131.00,28521.10,91.70,124.12,15811.71,13882.50,12755692704.88,15779290583.88,3023597878.99,23.70390968914804,Low
2009-12-01 00:00:00,8083592.87,71846212.00,28961.00,29335.40,96.19,225.44,17720.16,15730.00,14220171456.86,17590908056.64,3370736599.78,23.703909689175457,Low
2010-01-01 00:00:00,8811567.75,72752325.00,29719.00,30011.60,97.61,177.64,17501.73,15182.71,13937366752.15,17421708440.18,3484341688.04,25.000000000017934,Poor
2010-02-01 00:00:00,8811567.75,72752325.00,29158.00,29175.00,95.07,187.75,15837.69,13789.68,12596012854.36,15745016067.95,3149003213.59,25.0,Low
2010-03-01 00:00:00,8811567.75,72752325.00,27218.00,27624.60,81.06,121.93,17119.71,14836.00,13663067516.81,17078834396.01,3415766879.20,24.9999999999817,Low
2010-04-01 00:00:00,8811567.75,72752325.00,27395.00,27775.70,58.63,107.62,16362.72,14093.54,13050988989.98,16313736237.47,3262747247.49,24.999999999961688,Low
2010-05-01 00:00:00,8811567.75,72752325.00,27885.00,28045.50,58.41,159.64,16812.90,14604.82,13369329831.62,16711662289.53,3342332457.91,25.0000000000374,Poor
2010-06-01 00:00:00,8811567.75,72752325.00,30654.00,30672.10,46.58,215.40,17311.90,15070.34,13714458833.29,17143073541.61,3428614708.32,24.99999999998177,Low
2010-07-01 00:00:00,8811567.75,72752325.00,32165.00,32570.60,91.58,231.22,19567.60,17260.12,15542361130.38,19427951412.97,3885590282.59,24.99999999996783,Low
2010-08-01 00:00:00,8811567.75,72752325.00,33191.00,33391.90,78.72,246.40,20620.81,18139.26,16362506738.73,20453133423.41,4090626684.68,24.99999999998472,Low
2010-09-01 00:00:00,8811567.75,72752325.00,29395.00,29637.10,92.34,137.98,17139.65,15077.86,13675202327.68,17094002909.61,3418800581.92,25.0,Low
2010-10-01 00:00:00,8811567.75,72752325.00,27291.00,27582.90,132.17,105.08,17291.00,15137.43,13854476880.58,17318096100.73,3463619220.15,25.00000000003609,Poor
2010-11-01 00:00:00,8811567.75,72752325.00,29596.00,30107.90,142.68,112.30,16464.48,14396.39,13195885581.49,16494856976.86,3298971395.37,24.999999999981053,Low
2010-12-01 00:00:00,8811567.75,72752325.00,32145.00,32961.70,168.98,114.63,19177.55,16746.80,15385516337.42,19231895421.77,3846379084.35,24.9999999999675,Low
